time_ns,x,y,z
0.0,0.68242,0.0617,1.97853
0.001,1.02545,-0.51565,1.70557
0.002,0.79261,-0.3279,1.95287
0.003,1.38324,-0.66668,1.32473
0.004,1.34271,-0.93369,1.42508
0.005,1.07024,-0.89207,1.65628
0.006,0.88742,-1.32584,1.18571
0.007,1.35295,-1.03345,1.23392
0.008,1.48732,-1.22073,0.91644
0.009,1.16178,-0.75113,1.50545
0.01,1.54272,-0.64629,1.12004
0.011,1.17923,-0.74747,1.59495
0.012,1.32793,0.09325,1.61125
0.013,0.62178,-0.05153,2.07954
0.014,0.19863,0.34322,2.17579
0.015,1.026,-0.54911,1.66294
0.016,0.59586,0.18107,1.9956
0.017,0.44581,0.36822,1.9921
0.018,1.09069,0.11036,1.83283
0.019,0.44886,-0.0088,1.9853
0.02,0.46018,0.22614,1.98611
0.021,0.93879,0.18545,1.82822
0.022,-0.0628,0.56257,2.12524
0.023,0.31163,0.31358,2.01637
0.024,0.11019,0.24235,2.05056
0.025,0.09955,0.26221,2.06053
0.026,-0.05223,0.07827,2.146
0.027,-0.45455,0.04028,1.97795
0.028,-0.76365,0.47392,1.869
0.029,-0.25623,0.35417,2.04999
0.03,-0.41554,0.7507,1.94357
0.031,-0.65862,0.63475,1.83445
0.032,-0.2293,0.51797,2.12363
0.033,-0.43726,0.77929,1.87498
0.034,0.64891,-0.27087,1.92746
0.035,-0.10653,0.28523,2.04847
0.036,0.16904,0.17508,2.05574
0.037,0.66131,-0.28506,1.91031
0.038,-0.05901,0.41442,2.08134
0.039,-0.13587,0.31109,2.03158
0.04,0.04194,0.28678,2.00815
0.041,0.56553,-0.1827,2.0198
0.042,0.13816,0.20822,2.06677
0.043,0.19902,0.78963,2.06851
0.044,0.68702,0.41648,1.88891
0.045,-0.33228,0.61684,1.96772
0.046,-0.52276,0.41285,1.94858
0.047,0.72179,-0.061,1.94904
0.048,1.11447,-0.35149,1.74874
0.049,-0.21093,0.30817,2.14133
0.05,0.03158,0.18162,2.03656
0.051,-0.01098,0.22846,2.00097
0.052,0.951,-0.31094,1.77859
0.053,-0.30938,0.12022,1.98864
0.054,-1.09964,0.57955,1.57846
0.055,-1.3526,0.40755,1.47717
0.056,-0.88075,0.37667,1.83895
0.057,-0.71169,0.52161,1.8729
0.058,-0.83733,0.08953,1.93417
0.059,0.24909,-0.28532,2.01245
0.06,-1.19402,-0.39926,1.66082
0.061,0.08724,-0.36941,2.0169
0.062,0.29366,-0.20639,2.07715
0.063,-0.40599,-0.26095,2.13315
0.064,-0.46426,-0.08369,2.06244
0.065,-0.8526,-0.43948,1.90469
0.066,-0.54023,-0.27155,2.14194
0.067,0.01953,-0.41382,1.99579
0.068,0.32281,-0.49937,2.00823
0.069,-0.42868,-0.16487,2.09749
0.07,-0.29984,-0.01763,2.06199
0.071,-0.27386,0.12213,2.04112
0.072,-0.23981,-0.14512,2.15643
0.073,0.14675,0.02887,1.96426
0.074,0.63331,-0.6907,1.84401
0.075,0.91088,-0.57958,1.77877
0.076,0.90253,-0.46288,1.86321
0.077,0.03662,-0.25774,2.08047
0.078,0.46811,-0.50501,2.03018
0.079,0.86962,-1.26791,1.39078
0.08,0.9071,-0.34546,1.8718
0.081,0.85048,-0.75259,1.71563
0.082,1.39653,-1.00151,1.01617
0.083,1.07508,-0.25484,1.73315
0.084,0.23765,-0.17183,2.02134
0.085,0.41499,-0.18973,2.07362
0.086,0.85474,-0.13781,1.85742
0.087,0.64349,0.0025,1.9407
0.088,0.27431,0.06159,2.05367
0.089,-0.25552,-0.136,2.08507
0.09,0.27869,-0.51161,2.03419
0.091,-0.5079,0.19444,1.98421
0.092,-0.08554,0.15578,2.07279
0.093,0.25499,-0.07062,2.0799
0.094,0.00165,0.18495,2.11707
0.095,0.55552,-0.71163,1.81184
0.096,0.62731,-0.38549,1.87107
0.097,0.19856,-0.32504,2.10139
0.098,0.53065,-0.01542,2.00327
0.099,0.66431,-0.79546,1.83603
0.1,0.65575,-0.65611,1.77109
0.101,0.03041,-0.09663,2.15674
0.102,-0.29568,-0.56402,2.02423
0.103,-0.5529,-0.12075,2.06746
0.104,0.24663,-0.51665,1.90044
0.105,0.35025,-0.64213,1.88435
0.106,-0.23413,-0.53524,1.98544
0.107,0.25628,-1.04796,1.91365
0.108,1.12065,-0.33708,1.72742
0.109,0.90999,-0.75082,1.78867
0.11,0.23862,-0.59807,1.8726
0.111,1.1787,-0.71665,1.39762
0.112,1.44608,-1.12739,0.8386
0.113,1.2691,-0.83902,1.37321
0.114,0.75257,-0.67048,1.80714
0.115,0.64129,-1.187,1.5812
0.116,1.45015,-1.00053,1.01649
0.117,1.64587,-0.66258,1.19952
0.118,1.45673,-0.88315,1.22047
0.119,0.51879,-1.00934,1.75027
0.12,0.95139,-0.77286,1.70286
0.121,0.8595,-0.91048,1.65628
0.122,0.16086,-0.58115,1.96568
0.123,0.15474,-0.45554,2.06287
0.124,-1.32117,-0.08672,1.6398
0.125,0.48746,-1.04705,1.82161
0.126,1.2,-1.09562,1.37288
0.127,0.0556,-0.54382,2.03995
0.128,0.24475,-0.74586,1.83145
0.129,0.04015,-0.87122,1.94159
0.13,0.09742,-0.95656,1.91322
0.131,0.97732,-0.98412,1.63389
0.132,0.70951,-1.25145,1.52861
0.133,0.73917,-1.14556,1.56926
0.134,1.14409,-1.4632,1.04813
0.135,0.57267,-1.01329,1.79499
0.136,0.85264,-1.20557,1.47321
0.137,0.52051,-0.972,1.78529
0.138,0.38124,-0.60741,1.97375
0.139,1.41413,-0.76657,1.33018
0.14,0.61404,-0.68629,1.84789
0.141,1.20018,-1.05746,1.39129
0.142,1.33772,-1.03326,1.12513
0.143,1.2196,-1.1606,1.25461
0.144,1.25201,-1.47598,0.78139
0.145,1.59584,-1.19238,0.74221
0.146,1.68351,-1.09294,0.72155
0.147,1.6066,-1.22532,-0.1871
0.148,1.63263,-1.20875,0.56857
0.149,1.66181,-1.3807,0.04003
0.15,1.59556,-1.12971,0.74463
0.151,1.71968,-0.94714,0.57743
0.152,1.5248,-1.25763,0.57442
0.153,1.79832,-0.94404,-0.02494
0.154,1.965,-0.76061,0.04674
0.155,1.73392,-0.60693,0.92565
0.156,1.77694,-0.82397,0.49487
0.157,1.65907,-1.08234,0.4984
0.158,1.68165,-0.96946,0.37661
0.159,1.53,-1.32468,0.36204
0.16,1.56092,-0.98418,1.00138
0.161,1.56245,-0.81261,1.0464
0.162,1.37428,-1.02754,1.29107
0.163,1.59066,-0.90296,1.24052
0.164,1.36275,-0.52323,1.425
0.165,1.44585,-0.41264,1.33149
0.166,0.89992,-0.28524,1.92131
0.167,1.56533,-0.74917,1.0842
0.168,1.37327,-0.39955,1.55436
0.169,1.49004,-0.58542,1.2833
0.17,1.23154,-0.86017,1.40519
0.171,0.86045,-0.3439,1.92762
0.172,0.72761,-0.49814,1.88639
0.173,1.16533,-0.30071,1.62961
0.174,1.42258,-0.78535,1.29799
0.175,1.37313,-0.81407,1.18148
0.176,1.35179,-0.74013,1.44157
0.177,1.33906,-0.69629,1.42137
0.178,0.57569,-0.37261,1.93379
0.179,1.37246,-1.1104,1.25915
0.18,1.1607,-1.43597,1.01675
0.181,1.53592,-0.70556,1.12038
0.182,0.82253,-1.13351,1.54803
0.183,1.46142,-0.93915,1.12119
0.184,1.34477,-0.84786,1.33992
0.185,1.36467,-1.17794,1.26227
0.186,1.40288,-1.26526,0.84278
0.187,1.59195,-0.93287,1.02491
0.188,1.61302,-1.1118,0.90941
0.189,1.32236,-1.31349,0.62764
0.19,0.86876,-0.89692,1.75242
0.191,1.13816,-0.85608,1.43202
0.192,1.46371,-0.62877,1.412
0.193,1.3816,-0.79261,1.35717
0.194,1.77605,-1.02818,0.4445
0.195,1.54021,-1.26251,0.84591
0.196,1.58022,-0.88274,1.02891
0.197,1.30738,-0.66853,1.57726
0.198,1.46614,-0.92168,1.1945
0.199,1.33661,-1.24344,1.21182
0.2,1.53995,-0.90298,1.09444
0.201,1.49108,-0.86164,1.20226
0.202,1.00524,-1.00629,1.57657
0.203,1.42894,-0.84473,1.37723
0.204,0.84768,0.00203,1.77833
0.205,0.55102,-0.10812,1.97581
0.206,0.87785,-0.47945,1.92958
0.207,0.95042,-0.76014,1.69963
0.208,1.21603,-1.30289,1.0072
0.209,1.05287,-1.13156,1.38382
0.21,0.97783,-1.58294,0.94868
0.211,0.98243,-1.0315,1.37341
0.212,1.01937,-1.0957,1.39455
0.213,1.03014,-1.02676,1.42441
0.214,0.49438,-0.73496,1.96671
0.215,1.36596,-1.12489,1.04738
0.216,1.23891,-1.04416,1.20423
0.217,1.54076,-0.60793,1.15726
0.218,1.1366,-0.42491,1.67159
0.219,1.52019,-0.36743,1.50133
0.22,1.44303,-0.90601,1.20826
0.221,0.93757,-0.06042,1.80614
0.222,-0.28271,-0.26977,2.08835
0.223,1.05653,-0.0006,1.79486
0.224,1.362,0.02251,1.62373
0.225,1.26462,-0.36254,1.62692
0.226,0.86568,0.09854,1.92251
0.227,1.22544,0.05373,1.70995
0.228,0.6445,0.17098,1.93092
0.229,1.20498,0.68517,1.47659
0.23,1.02065,0.20012,1.945
0.231,0.80475,0.41441,1.80013
0.232,0.33886,0.11581,2.08741
0.233,-0.14896,-0.4596,2.00593
0.234,0.01697,-0.02085,2.15492
0.235,0.03163,0.00213,2.02805
0.236,-0.25223,0.16436,2.06972
0.237,-0.8891,0.55479,1.70375
0.238,-0.40649,-0.09481,2.05254
0.239,0.31115,0.06133,2.0976
0.24,0.23613,-0.10586,2.03323
0.241,-0.32259,-0.12486,2.20206
0.242,0.09978,0.16214,2.18903
0.243,0.22737,0.3779,2.06546
0.244,1.0356,0.11958,1.92817
0.245,0.01838,0.03529,2.16676
0.246,0.22584,-0.23959,2.00918
0.247,0.71198,0.16654,1.9014
0.248,-0.08498,-0.55678,2.05936
0.249,1.53922,-0.24461,1.30696
0.25,0.69228,-0.18269,1.77554
0.251,1.53585,-0.24596,1.30378
0.252,1.04625,-0.38071,1.80553
0.253,1.01355,-0.57121,1.72797
0.254,1.05393,-0.86388,1.66558
0.255,1.27499,-0.44006,1.67884
0.256,1.69146,-0.28444,1.23138
0.257,1.47892,-0.8622,1.14403
0.258,1.44148,-0.24231,1.48528
0.259,1.16359,-0.93925,1.49097
0.26,0.86103,-0.44328,1.84908
0.261,0.64915,-0.75275,1.94638
0.262,1.3923,-1.2906,0.9099
0.263,1.49781,-0.97472,1.10695
0.264,0.87035,-0.59991,1.82425
0.265,0.91415,0.11019,1.8586
0.266,1.61179,-0.91967,1.1814
0.267,1.9654,-0.31293,0.57349
0.268,1.55349,-1.32785,0.55779
0.269,1.28545,-0.4936,1.59086
0.27,1.50976,-0.94944,1.20422
0.271,1.34555,-0.58263,1.54989
0.272,1.47584,-0.2496,1.4652
0.273,1.4594,-0.18656,1.51711
0.274,0.71054,0.2218,2.01601
0.275,1.53802,-0.10191,1.43323
0.276,1.48628,-0.32296,1.57993
0.277,1.84554,-0.63351,0.96683
0.278,1.14185,-0.79277,1.66195
0.279,1.65896,-0.6005,0.90894
0.28,1.23434,-0.44185,1.60244
0.281,1.60883,-0.4042,1.25169
0.282,0.98684,0.14276,1.89426
0.283,1.42749,0.22041,1.4342
0.284,1.2906,-0.07753,1.65666
0.285,0.63448,0.28979,1.96243
0.286,0.80363,0.3852,1.92484
0.287,0.80036,0.03945,1.88974
0.288,0.3812,0.05961,1.97814
0.289,1.03645,-0.55917,1.72845
0.29,0.80157,-0.35564,1.9439
0.291,0.34637,-0.66102,2.05281
0.292,1.33584,-0.71383,1.5618
0.293,1.27861,-0.61266,1.64373
0.294,1.14824,-0.28837,1.67386
0.295,1.34259,-0.6208,1.55295
0.296,1.56012,-0.33102,1.38906
0.297,1.48343,-0.44806,1.58104
0.298,1.74036,-0.28389,1.34062
0.299,1.52829,-0.90469,1.17265
0.3,1.4479,-0.43698,1.52473
0.301,1.31378,-0.71841,1.59391
0.302,1.50304,-0.23536,1.55277
0.303,0.57755,-0.18926,2.01019
0.304,1.14915,-0.77571,1.54067
0.305,0.64785,-0.77077,1.86649
0.306,0.17405,-0.94993,1.75058
0.307,0.91206,-0.88622,1.6767
0.308,1.11122,-0.84532,1.57524
0.309,1.03406,-0.56009,1.73034
0.31,1.57491,-0.79244,1.07312
0.311,1.34014,-0.80632,1.35109
0.312,1.4826,-1.22225,0.91994
0.313,1.05465,-1.15553,1.37858
0.314,1.24763,-0.82655,1.26699
0.315,1.3159,-0.87601,1.25249
0.316,0.90902,-0.9111,1.62887
0.317,1.02424,-1.06091,1.40202
0.318,0.52699,-0.87964,1.64357
0.319,0.78226,-1.30919,1.40607
0.32,0.77759,-1.30112,1.53938
0.321,0.42924,-1.16185,1.69904
0.322,0.43949,-0.99784,1.81274
0.323,0.91575,-1.18017,1.53873
0.324,1.01457,-1.06554,1.50715
0.325,1.20773,-0.67979,1.43865
0.326,0.86616,-1.07535,1.52721
0.327,0.24959,-0.65823,2.00093
0.328,0.90266,-0.83148,1.7094
0.329,1.06659,-1.16,1.46575
0.33,1.34598,-0.9509,1.21123
0.331,1.35122,-0.77698,1.42491
0.332,0.90476,-1.23628,1.45225
0.333,1.22692,-0.9823,1.4805
0.334,1.88864,-0.35693,0.66138
0.335,0.97186,-0.6306,1.76088
0.336,1.0686,-0.78606,1.55988
0.337,1.03952,-0.47929,1.63661
0.338,0.82139,-1.03079,1.64204
0.339,1.1405,-0.84097,1.52706
0.34,1.00252,-1.21154,1.37756
0.341,1.40216,-0.69334,1.15626
0.342,1.22304,-0.83297,1.47969
0.343,0.73504,-0.87597,1.74869
0.344,1.28916,-1.134,1.3851
0.345,1.38716,-0.75145,1.28766
0.346,1.42946,-0.57387,1.40456
0.347,1.27272,-0.54223,1.51729
0.348,0.31423,-0.50227,2.08886
0.349,0.71073,-0.65072,1.89848
0.35,0.12423,-0.90681,1.76427
0.351,0.43674,-0.48235,1.97333
0.352,-0.28325,-0.53162,2.04955
0.353,-0.22498,-0.53862,1.90553
0.354,0.03519,-0.29101,2.06367
0.355,-0.70803,-0.11992,1.9008
0.356,-0.35762,-0.31285,1.9951
0.357,0.16894,-0.65696,1.99981
0.358,0.4744,-0.50064,2.01835
0.359,0.37116,-0.67376,1.91241
0.36,0.61388,-0.31158,1.86848
0.361,1.1192,-0.49641,1.73525
0.362,0.81588,-0.76428,1.73917
0.363,0.68435,-0.20236,1.96592
0.364,0.40768,-0.25373,1.97342
0.365,0.37842,-0.22011,2.03277
0.366,0.56773,-0.34694,1.98404
0.367,0.5927,-0.24638,2.03393
0.368,0.60574,-0.27793,2.01393
0.369,0.34596,-0.21851,2.09395
0.37,0.5468,0.07584,1.98083
0.371,0.24526,-0.17844,2.10498
0.372,0.2694,-0.34564,2.07313
0.373,0.46162,-0.34513,1.9428
0.374,0.24363,-0.43653,2.05624
0.375,0.53353,-0.29586,1.94703
0.376,0.05048,-0.33163,2.06064
0.377,0.82497,-0.66968,1.7786
0.378,0.95842,-0.81879,1.71807
0.379,1.20098,-0.65859,1.58033
0.38,1.08012,-0.23107,1.70295
0.381,0.50129,-0.42532,1.98515
0.382,0.84114,-0.55928,1.72447
0.383,0.5531,-0.75762,1.96437
0.384,0.85163,-0.41905,1.94381
0.385,0.48014,-0.83171,1.92682
0.386,0.51414,-0.73348,1.95971
0.387,0.93098,-0.81961,1.6786
0.388,0.53695,-0.79919,1.74477
0.389,0.015,-1.04134,1.813
0.39,0.37095,-0.88608,1.87123
0.391,0.02364,-0.9682,1.92794
0.392,1.06625,-0.98943,1.53197
0.393,0.68397,-0.94598,1.78221
0.394,0.61418,-0.88683,1.86103
0.395,0.38821,-0.85441,1.80388
0.396,0.48462,-0.78265,1.86657
0.397,0.40533,-0.799,1.96822
0.398,0.57334,-0.67937,1.87993
0.399,-0.14073,-0.98398,1.87235
0.4,-0.47934,-1.07243,1.68297
0.401,0.05929,-0.63838,1.89923
0.402,-0.97259,-0.83907,1.63182
0.403,-0.27619,-0.85789,1.76955
0.404,-0.2201,-1.01419,1.70789
0.405,-0.67507,-0.30743,1.96326
0.406,-0.9158,-0.26736,1.8406
0.407,-0.90136,-0.64692,1.80587
0.408,-0.92002,-0.63602,1.7313
0.409,-0.68983,-0.16122,1.88874
0.41,-0.80807,-0.41576,1.852
0.411,0.01242,-0.96724,1.77823
0.412,-0.82988,-0.16215,1.87957
0.413,-0.15134,-0.61259,2.02201
0.414,0.13766,-0.28898,1.93097
0.415,0.04252,-0.28394,1.99615
0.416,-0.91308,0.10246,1.84131
0.417,-0.45531,-0.01395,2.08723
0.418,-0.39139,0.01319,1.97593
0.419,-0.31641,0.10283,2.06596
0.42,-0.60709,-0.30898,2.04053
0.421,-0.12095,-0.36868,2.11385
0.422,-0.16004,0.11903,2.12056
0.423,-0.31008,-0.30149,1.92498
0.424,0.09315,-0.24843,2.064
0.425,0.28387,-0.30071,2.10327
0.426,0.32148,-0.58865,1.91663
0.427,-0.05906,-0.63084,1.94334
0.428,-0.92647,-0.25614,1.83982
0.429,-1.04828,-0.43118,1.76163
0.43,-1.09243,-0.29575,1.69096
0.431,-0.71614,-0.15511,1.81921
0.432,-0.56292,-0.0821,1.96297
0.433,-1.06329,0.17362,1.64542
0.434,-1.49405,0.02325,1.56055
0.435,-1.17836,-0.0509,1.66422
0.436,-0.86226,-0.2073,1.7574
0.437,-1.28891,-0.44375,1.69281
0.438,-1.00711,0.02374,1.89045
0.439,-1.34663,-0.05534,1.56968
0.44,-0.46387,-0.10464,1.9842
0.441,-1.01025,-0.21754,1.76081
0.442,-1.24938,-0.20677,1.61612
0.443,-0.9809,-0.40861,1.89768
0.444,-0.50999,-0.66098,1.99617
0.445,-0.57691,-0.50372,1.84113
0.446,-0.77909,-0.31598,1.96308
0.447,-1.09616,-0.32087,1.69155
0.448,-0.68863,-0.16132,1.9842
0.449,-0.33105,-0.12031,2.09069
0.45,-1.07764,-0.33372,1.62919
0.451,-1.1744,-0.22813,1.69988
0.452,-1.21786,-0.05052,1.73856
0.453,-1.0087,-0.44991,1.8039
0.454,-0.07806,0.13658,2.10037
0.455,-1.15729,0.09138,1.64597
0.456,-1.31086,0.03284,1.52795
0.457,-0.63159,0.33594,2.0092
0.458,-0.61337,-0.03426,2.07756
0.459,-1.73943,-0.40669,1.33583
0.46,-0.47169,-0.04224,2.04153
0.461,-0.92475,0.41978,1.75463
0.462,-0.93403,0.09741,2.0479
0.463,-0.63664,-0.04374,2.0004
0.464,-0.49882,-0.18723,2.13753
0.465,-0.50782,-0.16267,1.96344
0.466,-0.67733,-0.41367,1.93869
0.467,-0.74251,-0.25005,1.91113
0.468,-0.98517,-0.17392,1.91896
0.469,-0.99355,-0.51804,1.79605
0.47,0.21114,-0.70128,1.86971
0.471,-0.02583,-0.32113,2.05137
0.472,-1.02749,-0.38735,1.76607
0.473,-1.16479,-0.59785,1.59566
0.474,-0.6543,-0.41493,1.95188
0.475,-0.20617,-0.23692,2.04593
0.476,0.25164,-0.24325,2.02347
0.477,-0.06368,-0.25311,2.08351
0.478,-0.10587,-0.2702,2.10681
0.479,0.60508,-0.71409,1.83516
0.48,0.1819,-0.08748,2.03896
0.481,-0.42693,-0.3481,1.96304
0.482,-0.15549,0.08177,2.0709
0.483,0.29826,-0.19702,2.1286
0.484,-0.11507,-0.34489,2.07303
0.485,0.2322,-0.35462,2.08143
0.486,0.56732,-0.76546,1.81458
0.487,0.13908,-0.86047,1.92619
0.488,0.16557,-0.44549,2.08953
0.489,-0.46724,-0.2601,2.08767
0.49,-0.87373,-0.56194,1.87846
0.491,-0.21508,-0.76896,1.91069
0.492,0.38332,-0.70133,1.88396
0.493,-0.61119,-0.37146,1.94241
0.494,-0.75199,-0.32613,1.94209
0.495,-0.86047,-0.23602,1.85279
0.496,-0.37432,-0.6909,1.98711
0.497,-0.69065,-0.2958,1.94904
0.498,-0.28035,-0.34757,2.03543
0.499,-0.03413,-0.37042,2.16084
0.5,0.08855,-0.72637,1.90636
0.501,0.5882,-1.08875,1.65664
0.502,0.45737,-0.57056,1.9789
0.503,0.9874,-0.81225,1.53759
0.504,0.97443,-0.97991,1.35292
0.505,0.5575,-1.14465,1.66292
0.506,0.76625,-0.75547,1.7678
0.507,-0.1711,-0.43717,2.00846
0.508,0.32115,-0.54287,1.83593
0.509,-0.37074,-0.76254,1.8753
0.51,0.10761,-0.85221,1.75017
0.511,-0.43672,-0.63438,1.83971
0.512,-0.19305,-0.62683,2.02382
0.513,-0.21568,-0.72437,1.99647
0.514,0.78572,-0.7782,1.62737
0.515,0.58978,-1.13148,1.71365
0.516,0.71086,-0.71019,1.88825
0.517,0.80853,-0.64407,1.75704
0.518,0.71184,-0.71832,1.79449
0.519,0.93211,-0.72678,1.63527
0.52,0.94643,-0.88772,1.59202
0.521,0.10608,-0.42477,2.02865
0.522,0.29327,-0.5536,1.96487
0.523,1.09727,-0.61367,1.69694
0.524,0.47372,-0.51436,2.06981
0.525,0.12597,-0.30067,2.1195
0.526,0.87511,0.09481,1.79354
0.527,0.55583,-0.18819,2.04812
0.528,-0.70049,0.23895,1.98903
0.529,0.21569,0.0106,2.11517
0.53,-0.13537,-0.24263,2.03507
0.531,-0.39875,-0.66519,2.03991
0.532,0.68405,-0.25349,2.03329
0.533,-0.28728,-0.10176,1.98549
0.534,0.79798,-0.15404,1.86013
0.535,0.37776,-0.15625,2.0726
0.536,0.64663,-0.20884,1.93182
0.537,0.96042,-0.24951,1.82687
0.538,1.16746,0.0461,1.77369
0.539,0.98308,-0.12173,1.86461
0.54,1.19666,-0.19435,1.64446
0.541,0.34603,-0.18842,2.08482
0.542,0.63358,-0.45291,2.02366
0.543,0.72852,0.13203,1.94202
0.544,0.87853,-0.25166,1.92504
0.545,0.68776,-0.19586,1.84592
0.546,0.86379,-0.30424,1.86097
0.547,0.88947,-0.18227,1.87875
0.548,1.01302,-0.20952,1.75815
0.549,0.82914,0.04113,1.89875
0.55,0.08382,-0.34341,2.08149
0.551,0.56767,-0.35441,2.0344
0.552,0.24065,-0.18172,2.14224
0.553,1.33838,-0.45608,1.27974
0.554,1.28812,-0.89273,1.43723
0.555,1.25957,-0.4454,1.67354
0.556,1.08876,0.0213,1.69346
0.557,1.23594,-0.51566,1.67294
0.558,1.71313,-0.18709,1.16804
0.559,1.53573,-0.26702,1.42175
0.56,1.41167,-0.24648,1.57515
0.561,0.99036,-0.05342,1.78337
0.562,-0.51297,-0.20277,1.99232
0.563,0.60357,0.07058,1.98402
0.564,0.0623,-0.39567,2.03967
0.565,0.1664,-0.30072,2.0243
0.566,0.5464,0.0913,1.99771
0.567,-0.2411,-0.33035,2.15264
0.568,0.38878,-0.44878,2.06308
0.569,1.01403,-0.47132,1.63224
0.57,-0.08764,0.13998,2.03893
0.571,0.70668,-0.93361,1.81567
0.572,0.69598,0.1496,1.89693
0.573,0.41352,0.54776,1.91754
0.574,0.44706,0.31585,1.88501
0.575,0.63618,0.06628,2.05797
0.576,-0.13079,0.56055,2.10792
0.577,-0.2802,0.25852,1.98446
0.578,0.05223,0.66239,1.94949
0.579,-0.34537,0.41679,2.0197
0.58,0.1241,0.64182,2.02596
0.581,-0.98731,0.42297,1.89289
0.582,-0.38745,0.06,2.0491
0.583,-0.33556,0.23283,2.0172
0.584,0.24052,0.35111,1.99029
0.585,0.12744,0.46168,1.95055
0.586,-0.05903,0.17457,2.06507
0.587,-0.1278,0.28667,2.00409
0.588,-0.75169,0.76213,1.76347
0.589,0.17892,0.07053,2.08794
0.59,-0.43091,0.44884,2.00861
0.591,-0.01257,0.2992,2.06744
0.592,-0.35698,0.38563,2.12247
0.593,-0.10894,0.34866,2.14866
0.594,0.1506,0.54909,2.04658
0.595,0.60142,0.35569,2.0348
0.596,-0.1626,0.15576,2.07664
0.597,0.26589,0.05489,1.98908
0.598,0.10397,0.13966,2.07351
0.599,0.2478,0.40759,1.90113
0.6,0.10202,0.4367,1.99371
0.601,0.36665,0.2643,2.07863
0.602,0.89409,-0.22614,1.88
0.603,0.36234,0.41041,2.01463
0.604,0.29443,0.25681,2.01539
0.605,0.77491,0.48869,1.9123
0.606,1.10962,0.07871,1.79529
0.607,0.59025,0.79576,1.8357
0.608,0.75201,0.47349,1.84031
0.609,0.5406,0.31617,2.00866
0.61,-0.05215,0.44019,1.96442
0.611,0.2586,0.27068,2.03567
0.612,0.78086,0.28599,1.94169
0.613,0.30173,0.68606,1.92918
0.614,0.11347,0.72449,1.97677
0.615,0.00219,0.54871,1.97446
0.616,0.45064,0.01123,2.1794
0.617,-0.0235,0.5118,2.01373
0.618,-0.27096,0.44598,2.05505
0.619,-0.16489,0.32156,2.19329
0.62,-0.15807,0.62654,1.98943
0.621,0.25573,0.1293,2.02916
0.622,-0.33786,0.34144,2.05887
0.623,-0.05026,0.81612,1.98324
0.624,-0.06396,0.06616,2.10343
0.625,0.55521,0.07964,2.0567
0.626,0.42795,0.17459,2.10537
0.627,0.07138,-0.0315,2.17922
0.628,0.10394,-0.00333,2.07851
0.629,0.16031,0.29874,2.01546
0.63,-0.67308,-0.05801,2.12423
0.631,-0.88466,-0.17094,1.86609
0.632,-1.14845,-0.02245,1.61618
0.633,-1.17303,-0.03178,1.69234
0.634,-0.74387,0.04731,1.95905
0.635,-0.13176,-0.20292,2.10343
0.636,-0.55874,0.12818,2.03877
0.637,0.1918,0.38624,2.10232
0.638,-0.17993,0.23936,2.1388
0.639,0.03405,-0.05482,2.10661
0.64,-0.7128,0.23445,1.88788
0.641,-1.07187,0.07377,1.75473
0.642,-0.5224,0.40753,1.94675
0.643,-0.75942,0.02149,1.98355
0.644,0.13314,0.12405,2.15467
0.645,-0.5794,0.38264,1.93752
0.646,-0.5262,0.34065,2.02376
0.647,-0.20717,0.13708,2.11899
0.648,0.12819,0.27169,2.11869
0.649,-0.77121,0.10048,1.95407
0.65,-1.1494,0.66163,1.52354
0.651,-0.53112,0.39671,1.94489
0.652,0.23042,0.23285,2.03942
0.653,-0.35028,0.19747,1.98315
0.654,-1.20881,0.23139,1.72903
0.655,-0.66571,0.38534,1.89553
0.656,-1.12968,-0.0467,1.81861
0.657,-0.80309,0.141,1.8738
0.658,-1.1533,0.62261,1.60693
0.659,-1.02658,0.35578,1.69745
0.66,-1.0063,0.41704,1.82002
0.661,-0.89616,0.83305,1.67146
0.662,-1.45611,0.8812,1.25271
0.663,-1.03962,0.62366,1.70729
0.664,-1.06754,0.6582,1.76405
0.665,-0.69873,0.56439,1.88077
0.666,-1.34004,0.52393,1.55038
0.667,-0.89365,0.72227,1.75667
0.668,-0.5327,0.53522,1.79816
0.669,-1.39946,0.0136,1.60363
0.67,-1.4692,0.32178,1.4248
0.671,-0.68805,0.32124,1.87105
0.672,-1.21569,0.41547,1.7327
0.673,-1.07846,0.26752,1.71072
0.674,-1.15786,0.77298,1.5879
0.675,-1.40461,0.27155,1.51252
0.676,-0.8531,0.15654,1.87723
0.677,-1.2829,0.05995,1.69636
0.678,-0.77046,0.15144,1.82439
0.679,-0.89137,0.01299,1.94295
0.68,-0.6604,0.10249,2.11944
0.681,-0.92175,0.52174,1.80294
0.682,-0.70359,0.2767,2.04761
0.683,-1.12174,-0.03036,1.83383
0.684,-0.29726,0.24603,1.96216
0.685,-1.14306,0.12585,1.82413
0.686,-0.88055,-0.11836,1.94043
0.687,-1.14349,-0.12085,1.67272
0.688,-0.84289,0.11215,1.94993
0.689,-0.74695,0.24078,1.8398
0.69,-0.37291,0.17563,1.91159
0.691,-0.44212,0.16203,2.07409
0.692,-0.94165,0.141,1.82635
0.693,-0.95763,-0.03646,1.76021
0.694,-0.78077,0.07946,1.97245
0.695,-0.9002,0.39318,1.83652
0.696,-0.30766,0.40992,2.00357
0.697,0.25556,0.31818,2.02114
0.698,-0.52518,0.48837,1.86394
0.699,-0.85535,0.15742,1.85252
0.7,-0.87018,0.48178,1.76942
0.701,-1.20943,0.3667,1.67422
0.702,-1.20578,0.51519,1.6411
0.703,-0.59655,0.22482,1.99971
0.704,-0.79802,0.77975,1.74277
0.705,-1.06357,0.92245,1.46437
0.706,-0.73174,0.7558,1.8046
0.707,-1.18431,0.46751,1.73937
0.708,-0.69096,0.46342,1.98915
0.709,-0.83646,1.00887,1.57912
0.71,-0.08322,0.56084,2.07138
0.711,-0.36384,0.56049,1.88341
0.712,-0.93017,0.55856,1.92926
0.713,0.26048,0.11292,1.98681
0.714,0.3775,0.50709,2.0707
0.715,-0.06911,0.48336,2.01466
0.716,-0.5569,0.47659,1.99094
0.717,-0.22608,0.09248,2.06763
0.718,-1.18819,0.80256,1.582
0.719,-0.82195,0.86774,1.62709
0.72,-0.29116,0.14876,1.98212
0.721,-0.50318,0.50096,1.94924
0.722,-0.71171,0.61534,1.86422
0.723,-0.53208,0.61245,1.97552
0.724,-0.20465,0.44666,2.00127
0.725,-0.25151,0.50195,2.05531
0.726,0.69395,0.03335,1.95042
0.727,-0.0686,0.60073,1.95749
0.728,0.13593,0.43421,1.94812
0.729,-0.55081,0.46187,2.05915
0.73,0.07417,0.26115,2.05201
0.731,0.69442,0.30762,1.98774
0.732,0.00855,-0.14217,2.16159
0.733,0.56803,0.27576,1.96361
0.734,0.97281,-0.01822,1.77124
0.735,0.80574,0.27565,1.9565
0.736,0.88449,0.23933,1.79027
0.737,1.30444,-0.14905,1.46995
0.738,1.03422,0.23064,1.71782
0.739,1.01456,0.11185,1.82898
0.74,1.36506,0.0284,1.58126
0.741,0.78381,0.25452,2.00075
0.742,0.65074,0.39359,1.98931
0.743,0.7317,0.32101,1.98155
0.744,0.53996,0.005,1.9977
0.745,-0.08455,0.13091,1.95552
0.746,0.18291,0.04191,2.12135
0.747,0.60426,0.06442,1.91442
0.748,-0.09324,0.34074,1.92732
0.749,0.7014,0.59234,1.84314
0.75,-0.08154,0.2478,2.08744
0.751,0.48337,0.31661,1.85268
0.752,0.4314,0.04671,2.05135
0.753,-0.20625,-0.0791,2.16908
0.754,0.69213,-0.12193,1.98254
0.755,0.2171,-0.17661,2.17109
0.756,0.45459,0.1806,2.05785
0.757,0.74955,-0.36098,1.80006
0.758,-0.00356,-0.18272,2.12608
0.759,-0.00553,0.0694,2.10814
0.76,0.57702,-0.17033,2.00459
0.761,0.12773,0.19598,2.12586
0.762,0.38356,-0.08064,1.96221
0.763,0.51716,-0.22353,1.99071
0.764,0.31086,-0.52502,1.99421
0.765,-0.34052,-0.14182,2.12025
0.766,0.04603,0.01142,2.02603
0.767,-0.27299,0.37088,2.02218
0.768,0.16013,-0.30153,2.06504
0.769,-0.43,0.39453,2.08354
0.77,-0.40499,0.71695,1.9094
0.771,-0.66154,0.4338,1.87651
0.772,-1.33465,0.51504,1.59432
0.773,-1.33921,0.31328,1.61272
0.774,-0.67432,-0.02415,2.04623
0.775,-0.5677,-0.11214,2.06865
0.776,-1.15127,0.07328,1.7492
0.777,-1.07106,0.13841,1.74586
0.778,-0.38891,-0.00185,2.00119
0.779,-0.39059,0.11865,1.96894
0.78,-0.56864,-0.01682,2.0414
0.781,-0.77862,-0.19656,1.89297
0.782,-0.8332,0.24045,1.98444
0.783,-0.53098,0.12975,1.98201
0.784,-0.73362,0.08246,1.94681
0.785,-1.00222,-0.32484,1.8751
0.786,-1.07173,-0.2178,1.78115
0.787,-1.03914,-0.03661,1.86468
0.788,-1.52165,-0.07504,1.44535
0.789,-1.00358,-0.11183,1.75739
0.79,-1.55692,-0.2896,1.42822
0.791,-1.19827,-0.03288,1.62012
0.792,-1.49627,-0.27486,1.34912
0.793,-1.07211,0.23985,1.70752
0.794,-1.53428,-0.32557,1.33181
0.795,-1.27637,0.08982,1.7228
0.796,-1.81726,0.21942,0.90054
0.797,-1.79295,0.12624,0.96006
0.798,-1.74051,0.2894,1.26978
0.799,-1.72161,0.26801,1.27812
0.8,-1.57771,0.30949,1.28752
0.801,-1.76917,0.13348,1.33298
0.802,-1.63108,0.21423,1.33293
0.803,-1.79579,-0.08814,1.15533
0.804,-1.84528,0.27864,0.97238
0.805,-1.76805,0.25585,1.03872
0.806,-1.80782,0.13043,1.08163
0.807,-1.12965,-0.17996,1.78407
0.808,-0.52473,0.14941,2.04011
0.809,0.0871,-0.01601,2.09886
0.81,-0.99284,0.08149,1.89114
0.811,0.13521,0.06831,2.04792
0.812,0.01802,0.1419,2.01753
0.813,0.03597,0.30328,1.96246
0.814,-1.02224,0.11864,1.94144
0.815,-0.63194,-0.12037,2.05461
0.816,-0.96554,0.15677,1.79565
0.817,-0.76622,0.16651,1.90113
0.818,-0.11119,0.26322,2.05249
0.819,-0.69633,0.03706,2.01691
0.82,-0.45135,0.35356,1.98451
0.821,-0.59908,0.51225,1.92735
0.822,-0.06016,0.13633,2.1069
0.823,0.13377,0.21869,2.04479
0.824,-0.51702,0.22339,2.07523
0.825,-0.40171,0.05545,2.02879
0.826,-0.05402,0.43928,2.04384
0.827,0.26545,0.30978,2.03811
0.828,-0.34279,0.50671,2.02301
0.829,-0.04037,0.27447,1.96456
0.83,-0.88889,0.19756,1.87983
0.831,-0.18781,0.11301,2.1052
0.832,-0.51774,0.09192,2.04178
0.833,0.57209,0.06684,1.88367
0.834,-0.82992,0.26729,1.96209
0.835,-1.01457,0.54116,1.68595
0.836,-0.44576,0.51271,1.80474
0.837,-0.98735,0.60236,1.78432
0.838,-0.49324,0.46749,1.92781
0.839,-0.52459,0.47335,2.04679
0.84,0.34433,0.20995,2.11436
0.841,0.12717,0.80638,1.91842
0.842,0.67426,0.2903,1.87802
0.843,0.24018,0.33401,2.04084
0.844,0.14452,0.33758,2.00926
0.845,0.77427,0.30227,1.87483
0.846,0.56224,0.53253,1.95367
0.847,0.20733,0.5685,1.92948
0.848,0.31352,0.51254,1.91766
0.849,0.6093,0.55123,1.99949
0.85,0.25196,0.25361,2.08974
0.851,0.54367,0.38244,1.98989
0.852,1.07801,0.04676,1.79403
0.853,0.91183,0.06627,1.9057
0.854,0.3503,0.39651,2.00104
0.855,-0.17533,0.23225,2.13794
0.856,-0.02279,0.24529,2.1226
0.857,-0.40488,0.30883,2.07419
0.858,-0.39636,0.30186,1.99438
0.859,0.89451,-0.03546,1.76445
0.86,-0.13347,-0.15153,2.04285
0.861,0.06701,0.27164,2.05857
0.862,0.04731,0.34171,2.0397
0.863,0.38422,0.38314,2.00331
0.864,0.24242,0.56464,2.08418
0.865,0.49802,0.36763,2.04013
0.866,0.32511,0.89534,1.98874
0.867,0.52263,0.82721,1.78892
0.868,0.55661,0.36708,2.00026
0.869,0.41833,0.54753,1.92183
0.87,0.3245,0.30857,2.04998
0.871,0.29948,0.66591,1.95894
0.872,0.40401,0.66512,1.91764
0.873,0.57625,-0.08334,1.99043
0.874,-0.32445,0.224,2.0287
0.875,-0.32669,0.60506,2.07104
0.876,-0.17936,0.24014,2.25149
0.877,0.02369,0.45179,2.09781
0.878,0.22028,0.72247,2.00296
0.879,-0.27695,0.65436,1.96742
0.88,-0.84861,0.71175,1.75959
0.881,-0.69849,0.5219,1.82414
0.882,-1.0415,0.56567,1.73339
0.883,-0.73147,0.43967,1.75573
0.884,-0.95271,0.29247,1.93116
0.885,-0.36497,-0.0802,2.05177
0.886,-1.12231,-0.17805,1.80205
0.887,-0.49902,-0.08189,1.8992
0.888,-0.86959,-0.24327,1.93013
0.889,-0.66058,-0.4464,1.82396
0.89,-1.2313,-0.00773,1.69493
0.891,-0.1544,0.04459,2.08546
0.892,-1.07082,-0.42655,1.83144
0.893,-1.27224,-0.50071,1.74694
0.894,-1.96736,-0.7326,0.74262
0.895,-0.57326,-0.99039,1.79543
0.896,0.16496,-0.92918,1.8158
0.897,-0.33132,-0.67065,1.96246
0.898,-1.01443,0.11135,1.83698
0.899,-1.00352,-0.05478,1.74839
0.9,-0.7494,0.12704,1.90547
0.901,-1.31527,-0.08653,1.66525
0.902,-0.88897,-0.21748,1.91696
0.903,-0.69304,-0.14288,1.9759
0.904,-0.17788,-0.10799,1.99796
0.905,-0.80967,0.3629,1.85502
0.906,-0.83417,0.61633,1.88923
0.907,-0.61742,0.11274,2.0387
0.908,-1.27734,0.64823,1.52194
0.909,-0.60096,0.54425,1.91887
0.91,-0.45486,0.31049,2.06649
0.911,-0.93445,0.62827,1.7554
0.912,-1.11131,0.69451,1.46711
0.913,-1.28191,0.72906,1.53572
0.914,-0.90053,0.43501,1.85115
0.915,-1.4213,0.68192,1.39535
0.916,-1.366,0.18126,1.54552
0.917,-0.98934,0.55553,1.82503
0.918,-1.49602,0.60273,1.36561
0.919,-0.80964,0.4619,1.89962
0.92,-0.43095,-0.03911,1.93053
0.921,-1.54027,0.16612,1.41682
0.922,-2.03529,0.25584,0.87358
0.923,-1.71216,0.42409,1.03524
0.924,-0.95968,0.29451,1.87517
0.925,-1.2877,0.30107,1.65416
0.926,-1.06105,0.26402,1.82644
0.927,-1.63763,-0.00816,1.37584
0.928,-1.87916,-0.05611,0.98207
0.929,-1.94399,0.32314,0.96599
0.93,-1.52982,0.07171,1.42988
0.931,-1.35279,0.72623,1.32151
0.932,-1.05155,0.54395,1.75879
0.933,-1.91418,0.8048,0.36453
0.934,-1.6728,1.0109,0.72421
0.935,-2.10019,0.38498,-0.09198
0.936,-2.12193,0.15366,-0.27764
0.937,-1.32411,1.35403,0.92222
0.938,-1.92262,0.69521,0.24047
0.939,-1.77635,1.17374,0.38522
0.94,-1.89155,0.89105,0.09061
0.941,-1.49583,1.2562,0.77289
0.942,-1.74889,1.07094,-0.41643
0.943,-1.5587,1.37999,0.44311
0.944,-1.09247,0.98732,1.51997
0.945,-1.71737,1.24486,0.57687
0.946,-1.74016,0.95053,0.65876
0.947,-1.43745,1.04692,0.97607
0.948,-1.59626,0.96613,0.94448
0.949,-1.81664,0.82056,0.67319
0.95,-1.76636,0.59883,0.89824
0.951,-1.37465,0.62194,1.40072
0.952,-1.69052,0.90108,0.568
0.953,-1.90597,0.80569,0.74609
0.954,-1.29369,0.94318,1.25356
0.955,-1.59316,0.83815,1.16137
0.956,-1.59288,0.90131,1.10499
0.957,-1.53556,0.83273,1.2268
0.958,-1.74677,0.48803,0.94415
0.959,-1.76003,0.49271,0.77079
0.96,-1.47825,0.84534,1.23597
0.961,-1.71063,0.41082,1.35933
0.962,-1.76249,0.11107,1.17808
0.963,-1.21132,-0.1346,1.71215
0.964,-1.13728,0.00785,1.70452
0.965,-1.7447,-0.16858,1.15982
0.966,-1.75077,0.10521,1.03822
0.967,-1.94299,0.1525,0.78672
0.968,-1.95018,0.24517,0.71386
0.969,-1.81642,0.37405,0.94534
0.97,-1.65479,0.31467,1.11268
0.971,-1.88729,0.19182,1.1103
0.972,-1.31005,0.71365,1.48037
0.973,-1.10277,0.0013,1.81421
0.974,-1.32773,-0.31074,1.60275
0.975,-0.55396,0.05185,2.028
0.976,0.06023,-0.02193,2.0687
0.977,-0.77969,0.33164,1.84966
0.978,-1.57255,0.14554,1.41942
0.979,-1.19574,0.0882,1.71226
0.98,-1.19392,0.26699,1.73698
0.981,-1.6548,0.39484,1.15269
0.982,-1.50523,0.14739,1.43516
0.983,-1.64859,0.2123,1.14527
0.984,-1.00482,0.36903,1.7697
0.985,-1.00337,0.0313,1.95988
0.986,-1.09935,-0.28094,1.78059
0.987,-1.25695,0.35013,1.5675
0.988,-0.96995,0.1996,1.94297
0.989,-0.71416,0.20509,1.93884
0.99,-1.29272,0.21963,1.59837
0.991,-1.20003,0.5698,1.62942
0.992,-0.4691,0.28884,2.00354
0.993,-0.96453,0.07072,1.96508
0.994,-0.0943,0.56265,2.06454
0.995,-0.86056,0.70124,1.84945
0.996,-0.78027,0.1472,1.97679
0.997,-0.59549,0.37442,1.90916
0.998,-0.48899,0.23821,1.98027
0.999,-0.56367,0.35744,1.90199
0.0,0.68242,0.0617,1.97853
0.001,1.02545,-0.51565,1.70557
0.002,0.79261,-0.3279,1.95287
0.003,1.38324,-0.66668,1.32473
0.004,1.34271,-0.93369,1.42508
0.005,1.07024,-0.89207,1.65628
0.006,0.88742,-1.32584,1.18571
0.007,1.35295,-1.03345,1.23392
0.008,1.48732,-1.22073,0.91644
0.009,1.16178,-0.75113,1.50545
0.01,1.54272,-0.64629,1.12004
0.011,1.17923,-0.74747,1.59495
0.012,1.32793,0.09325,1.61125
0.013,0.62178,-0.05153,2.07954
0.014,0.19863,0.34322,2.17579
0.015,1.026,-0.54911,1.66294
0.016,0.59586,0.18107,1.9956
0.017,0.44581,0.36822,1.9921
0.018,1.09069,0.11036,1.83283
0.019,0.44886,-0.0088,1.9853
0.02,0.46018,0.22614,1.98611
0.021,0.93879,0.18545,1.82822
0.022,-0.0628,0.56257,2.12524
0.023,0.31163,0.31358,2.01637
0.024,0.11019,0.24235,2.05056
0.025,0.09955,0.26221,2.06053
0.026,-0.05223,0.07827,2.146
0.027,-0.45455,0.04028,1.97795
0.028,-0.76365,0.47392,1.869
0.029,-0.25623,0.35417,2.04999
0.03,-0.41554,0.7507,1.94357
0.031,-0.65862,0.63475,1.83445
0.032,-0.2293,0.51797,2.12363
0.033,-0.43726,0.77929,1.87498
0.034,0.64891,-0.27087,1.92746
0.035,-0.10653,0.28523,2.04847
0.036,0.16904,0.17508,2.05574
0.037,0.66131,-0.28506,1.91031
0.038,-0.05901,0.41442,2.08134
0.039,-0.13587,0.31109,2.03158
0.04,0.04194,0.28678,2.00815
0.041,0.56553,-0.1827,2.0198
0.042,0.13816,0.20822,2.06677
0.043,0.19902,0.78963,2.06851
0.044,0.68702,0.41648,1.88891
0.045,-0.33228,0.61684,1.96772
0.046,-0.52276,0.41285,1.94858
0.047,0.72179,-0.061,1.94904
0.048,1.11447,-0.35149,1.74874
0.049,-0.21093,0.30817,2.14133
0.05,0.03158,0.18162,2.03656
0.051,-0.01098,0.22846,2.00097
0.052,0.951,-0.31094,1.77859
0.053,-0.30938,0.12022,1.98864
0.054,-1.09964,0.57955,1.57846
0.055,-1.3526,0.40755,1.47717
0.056,-0.88075,0.37667,1.83895
0.057,-0.71169,0.52161,1.8729
0.058,-0.83733,0.08953,1.93417
0.059,0.24909,-0.28532,2.01245
0.06,-1.19402,-0.39926,1.66082
0.061,0.08724,-0.36941,2.0169
0.062,0.29366,-0.20639,2.07715
0.063,-0.40599,-0.26095,2.13315
0.064,-0.46426,-0.08369,2.06244
0.065,-0.8526,-0.43948,1.90469
0.066,-0.54023,-0.27155,2.14194
0.067,0.01953,-0.41382,1.99579
0.068,0.32281,-0.49937,2.00823
0.069,-0.42868,-0.16487,2.09749
0.07,-0.29984,-0.01763,2.06199
0.071,-0.27386,0.12213,2.04112
0.072,-0.23981,-0.14512,2.15643
0.073,0.14675,0.02887,1.96426
0.074,0.63331,-0.6907,1.84401
0.075,0.91088,-0.57958,1.77877
0.076,0.90253,-0.46288,1.86321
0.077,0.03662,-0.25774,2.08047
0.078,0.46811,-0.50501,2.03018
0.079,0.86962,-1.26791,1.39078
0.08,0.9071,-0.34546,1.8718
0.081,0.85048,-0.75259,1.71563
0.082,1.39653,-1.00151,1.01617
0.083,1.07508,-0.25484,1.73315
0.084,0.23765,-0.17183,2.02134
0.085,0.41499,-0.18973,2.07362
0.086,0.85474,-0.13781,1.85742
0.087,0.64349,0.0025,1.9407
0.088,0.27431,0.06159,2.05367
0.089,-0.25552,-0.136,2.08507
0.09,0.27869,-0.51161,2.03419
0.091,-0.5079,0.19444,1.98421
0.092,-0.08554,0.15578,2.07279
0.093,0.25499,-0.07062,2.0799
0.094,0.00165,0.18495,2.11707
0.095,0.55552,-0.71163,1.81184
0.096,0.62731,-0.38549,1.87107
0.097,0.19856,-0.32504,2.10139
0.098,0.53065,-0.01542,2.00327
0.099,0.66431,-0.79546,1.83603
0.1,0.65575,-0.65611,1.77109
0.101,0.03041,-0.09663,2.15674
0.102,-0.29568,-0.56402,2.02423
0.103,-0.5529,-0.12075,2.06746
0.104,0.24663,-0.51665,1.90044
0.105,0.35025,-0.64213,1.88435
0.106,-0.23413,-0.53524,1.98544
0.107,0.25628,-1.04796,1.91365
0.108,1.12065,-0.33708,1.72742
0.109,0.90999,-0.75082,1.78867
0.11,0.23862,-0.59807,1.8726
0.111,1.1787,-0.71665,1.39762
0.112,1.44608,-1.12739,0.8386
0.113,1.2691,-0.83902,1.37321
0.114,0.75257,-0.67048,1.80714
0.115,0.64129,-1.187,1.5812
0.116,1.45015,-1.00053,1.01649
0.117,1.64587,-0.66258,1.19952
0.118,1.45673,-0.88315,1.22047
0.119,0.51879,-1.00934,1.75027
0.12,0.95139,-0.77286,1.70286
0.121,0.8595,-0.91048,1.65628
0.122,0.16086,-0.58115,1.96568
0.123,0.15474,-0.45554,2.06287
0.124,-1.32117,-0.08672,1.6398
0.125,0.48746,-1.04705,1.82161
0.126,1.2,-1.09562,1.37288
0.127,0.0556,-0.54382,2.03995
0.128,0.24475,-0.74586,1.83145
0.129,0.04015,-0.87122,1.94159
0.13,0.09742,-0.95656,1.91322
0.131,0.97732,-0.98412,1.63389
0.132,0.70951,-1.25145,1.52861
0.133,0.73917,-1.14556,1.56926
0.134,1.14409,-1.4632,1.04813
0.135,0.57267,-1.01329,1.79499
0.136,0.85264,-1.20557,1.47321
0.137,0.52051,-0.972,1.78529
0.138,0.38124,-0.60741,1.97375
0.139,1.41413,-0.76657,1.33018
0.14,0.61404,-0.68629,1.84789
0.141,1.20018,-1.05746,1.39129
0.142,1.33772,-1.03326,1.12513
0.143,1.2196,-1.1606,1.25461
0.144,1.25201,-1.47598,0.78139
0.145,1.59584,-1.19238,0.74221
0.146,1.68351,-1.09294,0.72155
0.147,1.6066,-1.22532,-0.1871
0.148,1.63263,-1.20875,0.56857
0.149,1.66181,-1.3807,0.04003
0.15,1.59556,-1.12971,0.74463
0.151,1.71968,-0.94714,0.57743
0.152,1.5248,-1.25763,0.57442
0.153,1.79832,-0.94404,-0.02494
0.154,1.965,-0.76061,0.04674
0.155,1.73392,-0.60693,0.92565
0.156,1.77694,-0.82397,0.49487
0.157,1.65907,-1.08234,0.4984
0.158,1.68165,-0.96946,0.37661
0.159,1.53,-1.32468,0.36204
0.16,1.56092,-0.98418,1.00138
0.161,1.56245,-0.81261,1.0464
0.162,1.37428,-1.02754,1.29107
0.163,1.59066,-0.90296,1.24052
0.164,1.36275,-0.52323,1.425
0.165,1.44585,-0.41264,1.33149
0.166,0.89992,-0.28524,1.92131
0.167,1.56533,-0.74917,1.0842
0.168,1.37327,-0.39955,1.55436
0.169,1.49004,-0.58542,1.2833
0.17,1.23154,-0.86017,1.40519
0.171,0.86045,-0.3439,1.92762
0.172,0.72761,-0.49814,1.88639
0.173,1.16533,-0.30071,1.62961
0.174,1.42258,-0.78535,1.29799
0.175,1.37313,-0.81407,1.18148
0.176,1.35179,-0.74013,1.44157
0.177,1.33906,-0.69629,1.42137
0.178,0.57569,-0.37261,1.93379
0.179,1.37246,-1.1104,1.25915
0.18,1.1607,-1.43597,1.01675
0.181,1.53592,-0.70556,1.12038
0.182,0.82253,-1.13351,1.54803
0.183,1.46142,-0.93915,1.12119
0.184,1.34477,-0.84786,1.33992
0.185,1.36467,-1.17794,1.26227
0.186,1.40288,-1.26526,0.84278
0.187,1.59195,-0.93287,1.02491
0.188,1.61302,-1.1118,0.90941
0.189,1.32236,-1.31349,0.62764
0.19,0.86876,-0.89692,1.75242
0.191,1.13816,-0.85608,1.43202
0.192,1.46371,-0.62877,1.412
0.193,1.3816,-0.79261,1.35717
0.194,1.77605,-1.02818,0.4445
0.195,1.54021,-1.26251,0.84591
0.196,1.58022,-0.88274,1.02891
0.197,1.30738,-0.66853,1.57726
0.198,1.46614,-0.92168,1.1945
0.199,1.33661,-1.24344,1.21182
0.2,1.53995,-0.90298,1.09444
0.201,1.49108,-0.86164,1.20226
0.202,1.00524,-1.00629,1.57657
0.203,1.42894,-0.84473,1.37723
0.204,0.84768,0.00203,1.77833
0.205,0.55102,-0.10812,1.97581
0.206,0.87785,-0.47945,1.92958
0.207,0.95042,-0.76014,1.69963
0.208,1.21603,-1.30289,1.0072
0.209,1.05287,-1.13156,1.38382
0.21,0.97783,-1.58294,0.94868
0.211,0.98243,-1.0315,1.37341
0.212,1.01937,-1.0957,1.39455
0.213,1.03014,-1.02676,1.42441
0.214,0.49438,-0.73496,1.96671
0.215,1.36596,-1.12489,1.04738
0.216,1.23891,-1.04416,1.20423
0.217,1.54076,-0.60793,1.15726
0.218,1.1366,-0.42491,1.67159
0.219,1.52019,-0.36743,1.50133
0.22,1.44303,-0.90601,1.20826
0.221,0.93757,-0.06042,1.80614
0.222,-0.28271,-0.26977,2.08835
0.223,1.05653,-0.0006,1.79486
0.224,1.362,0.02251,1.62373
0.225,1.26462,-0.36254,1.62692
0.226,0.86568,0.09854,1.92251
0.227,1.22544,0.05373,1.70995
0.228,0.6445,0.17098,1.93092
0.229,1.20498,0.68517,1.47659
0.23,1.02065,0.20012,1.945
0.231,0.80475,0.41441,1.80013
0.232,0.33886,0.11581,2.08741
0.233,-0.14896,-0.4596,2.00593
0.234,0.01697,-0.02085,2.15492
0.235,0.03163,0.00213,2.02805
0.236,-0.25223,0.16436,2.06972
0.237,-0.8891,0.55479,1.70375
0.238,-0.40649,-0.09481,2.05254
0.239,0.31115,0.06133,2.0976
0.24,0.23613,-0.10586,2.03323
0.241,-0.32259,-0.12486,2.20206
0.242,0.09978,0.16214,2.18903
0.243,0.22737,0.3779,2.06546
0.244,1.0356,0.11958,1.92817
0.245,0.01838,0.03529,2.16676
0.246,0.22584,-0.23959,2.00918
0.247,0.71198,0.16654,1.9014
0.248,-0.08498,-0.55678,2.05936
0.249,1.53922,-0.24461,1.30696
0.25,0.69228,-0.18269,1.77554
0.251,1.53585,-0.24596,1.30378
0.252,1.04625,-0.38071,1.80553
0.253,1.01355,-0.57121,1.72797
0.254,1.05393,-0.86388,1.66558
0.255,1.27499,-0.44006,1.67884
0.256,1.69146,-0.28444,1.23138
0.257,1.47892,-0.8622,1.14403
0.258,1.44148,-0.24231,1.48528
0.259,1.16359,-0.93925,1.49097
0.26,0.86103,-0.44328,1.84908
0.261,0.64915,-0.75275,1.94638
0.262,1.3923,-1.2906,0.9099
0.263,1.49781,-0.97472,1.10695
0.264,0.87035,-0.59991,1.82425
0.265,0.91415,0.11019,1.8586
0.266,1.61179,-0.91967,1.1814
0.267,1.9654,-0.31293,0.57349
0.268,1.55349,-1.32785,0.55779
0.269,1.28545,-0.4936,1.59086
0.27,1.50976,-0.94944,1.20422
0.271,1.34555,-0.58263,1.54989
0.272,1.47584,-0.2496,1.4652
0.273,1.4594,-0.18656,1.51711
0.274,0.71054,0.2218,2.01601
0.275,1.53802,-0.10191,1.43323
0.276,1.48628,-0.32296,1.57993
0.277,1.84554,-0.63351,0.96683
0.278,1.14185,-0.79277,1.66195
0.279,1.65896,-0.6005,0.90894
0.28,1.23434,-0.44185,1.60244
0.281,1.60883,-0.4042,1.25169
0.282,0.98684,0.14276,1.89426
0.283,1.42749,0.22041,1.4342
0.284,1.2906,-0.07753,1.65666
0.285,0.63448,0.28979,1.96243
0.286,0.80363,0.3852,1.92484
0.287,0.80036,0.03945,1.88974
0.288,0.3812,0.05961,1.97814
0.289,1.03645,-0.55917,1.72845
0.29,0.80157,-0.35564,1.9439
0.291,0.34637,-0.66102,2.05281
0.292,1.33584,-0.71383,1.5618
0.293,1.27861,-0.61266,1.64373
0.294,1.14824,-0.28837,1.67386
0.295,1.34259,-0.6208,1.55295
0.296,1.56012,-0.33102,1.38906
0.297,1.48343,-0.44806,1.58104
0.298,1.74036,-0.28389,1.34062
0.299,1.52829,-0.90469,1.17265
0.3,1.4479,-0.43698,1.52473
0.301,1.31378,-0.71841,1.59391
0.302,1.50304,-0.23536,1.55277
0.303,0.57755,-0.18926,2.01019
0.304,1.14915,-0.77571,1.54067
0.305,0.64785,-0.77077,1.86649
0.306,0.17405,-0.94993,1.75058
0.307,0.91206,-0.88622,1.6767
0.308,1.11122,-0.84532,1.57524
0.309,1.03406,-0.56009,1.73034
0.31,1.57491,-0.79244,1.07312
0.311,1.34014,-0.80632,1.35109
0.312,1.4826,-1.22225,0.91994
0.313,1.05465,-1.15553,1.37858
0.314,1.24763,-0.82655,1.26699
0.315,1.3159,-0.87601,1.25249
0.316,0.90902,-0.9111,1.62887
0.317,1.02424,-1.06091,1.40202
0.318,0.52699,-0.87964,1.64357
0.319,0.78226,-1.30919,1.40607
0.32,0.77759,-1.30112,1.53938
0.321,0.42924,-1.16185,1.69904
0.322,0.43949,-0.99784,1.81274
0.323,0.91575,-1.18017,1.53873
0.324,1.01457,-1.06554,1.50715
0.325,1.20773,-0.67979,1.43865
0.326,0.86616,-1.07535,1.52721
0.327,0.24959,-0.65823,2.00093
0.328,0.90266,-0.83148,1.7094
0.329,1.06659,-1.16,1.46575
0.33,1.34598,-0.9509,1.21123
0.331,1.35122,-0.77698,1.42491
0.332,0.90476,-1.23628,1.45225
0.333,1.22692,-0.9823,1.4805
0.334,1.88864,-0.35693,0.66138
0.335,0.97186,-0.6306,1.76088
0.336,1.0686,-0.78606,1.55988
0.337,1.03952,-0.47929,1.63661
0.338,0.82139,-1.03079,1.64204
0.339,1.1405,-0.84097,1.52706
0.34,1.00252,-1.21154,1.37756
0.341,1.40216,-0.69334,1.15626
0.342,1.22304,-0.83297,1.47969
0.343,0.73504,-0.87597,1.74869
0.344,1.28916,-1.134,1.3851
0.345,1.38716,-0.75145,1.28766
0.346,1.42946,-0.57387,1.40456
0.347,1.27272,-0.54223,1.51729
0.348,0.31423,-0.50227,2.08886
0.349,0.71073,-0.65072,1.89848
0.35,0.12423,-0.90681,1.76427
0.351,0.43674,-0.48235,1.97333
0.352,-0.28325,-0.53162,2.04955
0.353,-0.22498,-0.53862,1.90553
0.354,0.03519,-0.29101,2.06367
0.355,-0.70803,-0.11992,1.9008
0.356,-0.35762,-0.31285,1.9951
0.357,0.16894,-0.65696,1.99981
0.358,0.4744,-0.50064,2.01835
0.359,0.37116,-0.67376,1.91241
0.36,0.61388,-0.31158,1.86848
0.361,1.1192,-0.49641,1.73525
0.362,0.81588,-0.76428,1.73917
0.363,0.68435,-0.20236,1.96592
0.364,0.40768,-0.25373,1.97342
0.365,0.37842,-0.22011,2.03277
0.366,0.56773,-0.34694,1.98404
0.367,0.5927,-0.24638,2.03393
0.368,0.60574,-0.27793,2.01393
0.369,0.34596,-0.21851,2.09395
0.37,0.5468,0.07584,1.98083
0.371,0.24526,-0.17844,2.10498
0.372,0.2694,-0.34564,2.07313
0.373,0.46162,-0.34513,1.9428
0.374,0.24363,-0.43653,2.05624
0.375,0.53353,-0.29586,1.94703
0.376,0.05048,-0.33163,2.06064
0.377,0.82497,-0.66968,1.7786
0.378,0.95842,-0.81879,1.71807
0.379,1.20098,-0.65859,1.58033
0.38,1.08012,-0.23107,1.70295
0.381,0.50129,-0.42532,1.98515
0.382,0.84114,-0.55928,1.72447
0.383,0.5531,-0.75762,1.96437
0.384,0.85163,-0.41905,1.94381
0.385,0.48014,-0.83171,1.92682
0.386,0.51414,-0.73348,1.95971
0.387,0.93098,-0.81961,1.6786
0.388,0.53695,-0.79919,1.74477
0.389,0.015,-1.04134,1.813
0.39,0.37095,-0.88608,1.87123
0.391,0.02364,-0.9682,1.92794
0.392,1.06625,-0.98943,1.53197
0.393,0.68397,-0.94598,1.78221
0.394,0.61418,-0.88683,1.86103
0.395,0.38821,-0.85441,1.80388
0.396,0.48462,-0.78265,1.86657
0.397,0.40533,-0.799,1.96822
0.398,0.57334,-0.67937,1.87993
0.399,-0.14073,-0.98398,1.87235
0.4,-0.47934,-1.07243,1.68297
0.401,0.05929,-0.63838,1.89923
0.402,-0.97259,-0.83907,1.63182
0.403,-0.27619,-0.85789,1.76955
0.404,-0.2201,-1.01419,1.70789
0.405,-0.67507,-0.30743,1.96326
0.406,-0.9158,-0.26736,1.8406
0.407,-0.90136,-0.64692,1.80587
0.408,-0.92002,-0.63602,1.7313
0.409,-0.68983,-0.16122,1.88874
0.41,-0.80807,-0.41576,1.852
0.411,0.01242,-0.96724,1.77823
0.412,-0.82988,-0.16215,1.87957
0.413,-0.15134,-0.61259,2.02201
0.414,0.13766,-0.28898,1.93097
0.415,0.04252,-0.28394,1.99615
0.416,-0.91308,0.10246,1.84131
0.417,-0.45531,-0.01395,2.08723
0.418,-0.39139,0.01319,1.97593
0.419,-0.31641,0.10283,2.06596
0.42,-0.60709,-0.30898,2.04053
0.421,-0.12095,-0.36868,2.11385
0.422,-0.16004,0.11903,2.12056
0.423,-0.31008,-0.30149,1.92498
0.424,0.09315,-0.24843,2.064
0.425,0.28387,-0.30071,2.10327
0.426,0.32148,-0.58865,1.91663
0.427,-0.05906,-0.63084,1.94334
0.428,-0.92647,-0.25614,1.83982
0.429,-1.04828,-0.43118,1.76163
0.43,-1.09243,-0.29575,1.69096
0.431,-0.71614,-0.15511,1.81921
0.432,-0.56292,-0.0821,1.96297
0.433,-1.06329,0.17362,1.64542
0.434,-1.49405,0.02325,1.56055
0.435,-1.17836,-0.0509,1.66422
0.436,-0.86226,-0.2073,1.7574
0.437,-1.28891,-0.44375,1.69281
0.438,-1.00711,0.02374,1.89045
0.439,-1.34663,-0.05534,1.56968
0.44,-0.46387,-0.10464,1.9842
0.441,-1.01025,-0.21754,1.76081
0.442,-1.24938,-0.20677,1.61612
0.443,-0.9809,-0.40861,1.89768
0.444,-0.50999,-0.66098,1.99617
0.445,-0.57691,-0.50372,1.84113
0.446,-0.77909,-0.31598,1.96308
0.447,-1.09616,-0.32087,1.69155
0.448,-0.68863,-0.16132,1.9842
0.449,-0.33105,-0.12031,2.09069
0.45,-1.07764,-0.33372,1.62919
0.451,-1.1744,-0.22813,1.69988
0.452,-1.21786,-0.05052,1.73856
0.453,-1.0087,-0.44991,1.8039
0.454,-0.07806,0.13658,2.10037
0.455,-1.15729,0.09138,1.64597
0.456,-1.31086,0.03284,1.52795
0.457,-0.63159,0.33594,2.0092
0.458,-0.61337,-0.03426,2.07756
0.459,-1.73943,-0.40669,1.33583
0.46,-0.47169,-0.04224,2.04153
0.461,-0.92475,0.41978,1.75463
0.462,-0.93403,0.09741,2.0479
0.463,-0.63664,-0.04374,2.0004
0.464,-0.49882,-0.18723,2.13753
0.465,-0.50782,-0.16267,1.96344
0.466,-0.67733,-0.41367,1.93869
0.467,-0.74251,-0.25005,1.91113
0.468,-0.98517,-0.17392,1.91896
0.469,-0.99355,-0.51804,1.79605
0.47,0.21114,-0.70128,1.86971
0.471,-0.02583,-0.32113,2.05137
0.472,-1.02749,-0.38735,1.76607
0.473,-1.16479,-0.59785,1.59566
0.474,-0.6543,-0.41493,1.95188
0.475,-0.20617,-0.23692,2.04593
0.476,0.25164,-0.24325,2.02347
0.477,-0.06368,-0.25311,2.08351
0.478,-0.10587,-0.2702,2.10681
0.479,0.60508,-0.71409,1.83516
0.48,0.1819,-0.08748,2.03896
0.481,-0.42693,-0.3481,1.96304
0.482,-0.15549,0.08177,2.0709
0.483,0.29826,-0.19702,2.1286
0.484,-0.11507,-0.34489,2.07303
0.485,0.2322,-0.35462,2.08143
0.486,0.56732,-0.76546,1.81458
0.487,0.13908,-0.86047,1.92619
0.488,0.16557,-0.44549,2.08953
0.489,-0.46724,-0.2601,2.08767
0.49,-0.87373,-0.56194,1.87846
0.491,-0.21508,-0.76896,1.91069
0.492,0.38332,-0.70133,1.88396
0.493,-0.61119,-0.37146,1.94241
0.494,-0.75199,-0.32613,1.94209
0.495,-0.86047,-0.23602,1.85279
0.496,-0.37432,-0.6909,1.98711
0.497,-0.69065,-0.2958,1.94904
0.498,-0.28035,-0.34757,2.03543
0.499,-0.03413,-0.37042,2.16084
0.5,0.08855,-0.72637,1.90636
0.501,0.5882,-1.08875,1.65664
0.502,0.45737,-0.57056,1.9789
0.503,0.9874,-0.81225,1.53759
0.504,0.97443,-0.97991,1.35292
0.505,0.5575,-1.14465,1.66292
0.506,0.76625,-0.75547,1.7678
0.507,-0.1711,-0.43717,2.00846
0.508,0.32115,-0.54287,1.83593
0.509,-0.37074,-0.76254,1.8753
0.51,0.10761,-0.85221,1.75017
0.511,-0.43672,-0.63438,1.83971
0.512,-0.19305,-0.62683,2.02382
0.513,-0.21568,-0.72437,1.99647
0.514,0.78572,-0.7782,1.62737
0.515,0.58978,-1.13148,1.71365
0.516,0.71086,-0.71019,1.88825
0.517,0.80853,-0.64407,1.75704
0.518,0.71184,-0.71832,1.79449
0.519,0.93211,-0.72678,1.63527
0.52,0.94643,-0.88772,1.59202
0.521,0.10608,-0.42477,2.02865
0.522,0.29327,-0.5536,1.96487
0.523,1.09727,-0.61367,1.69694
0.524,0.47372,-0.51436,2.06981
0.525,0.12597,-0.30067,2.1195
0.526,0.87511,0.09481,1.79354
0.527,0.55583,-0.18819,2.04812
0.528,-0.70049,0.23895,1.98903
0.529,0.21569,0.0106,2.11517
0.53,-0.13537,-0.24263,2.03507
0.531,-0.39875,-0.66519,2.03991
0.532,0.68405,-0.25349,2.03329
0.533,-0.28728,-0.10176,1.98549
0.534,0.79798,-0.15404,1.86013
0.535,0.37776,-0.15625,2.0726
0.536,0.64663,-0.20884,1.93182
0.537,0.96042,-0.24951,1.82687
0.538,1.16746,0.0461,1.77369
0.539,0.98308,-0.12173,1.86461
0.54,1.19666,-0.19435,1.64446
0.541,0.34603,-0.18842,2.08482
0.542,0.63358,-0.45291,2.02366
0.543,0.72852,0.13203,1.94202
0.544,0.87853,-0.25166,1.92504
0.545,0.68776,-0.19586,1.84592
0.546,0.86379,-0.30424,1.86097
0.547,0.88947,-0.18227,1.87875
0.548,1.01302,-0.20952,1.75815
0.549,0.82914,0.04113,1.89875
0.55,0.08382,-0.34341,2.08149
0.551,0.56767,-0.35441,2.0344
0.552,0.24065,-0.18172,2.14224
0.553,1.33838,-0.45608,1.27974
0.554,1.28812,-0.89273,1.43723
0.555,1.25957,-0.4454,1.67354
0.556,1.08876,0.0213,1.69346
0.557,1.23594,-0.51566,1.67294
0.558,1.71313,-0.18709,1.16804
0.559,1.53573,-0.26702,1.42175
0.56,1.41167,-0.24648,1.57515
0.561,0.99036,-0.05342,1.78337
0.562,-0.51297,-0.20277,1.99232
0.563,0.60357,0.07058,1.98402
0.564,0.0623,-0.39567,2.03967
0.565,0.1664,-0.30072,2.0243
0.566,0.5464,0.0913,1.99771
0.567,-0.2411,-0.33035,2.15264
0.568,0.38878,-0.44878,2.06308
0.569,1.01403,-0.47132,1.63224
0.57,-0.08764,0.13998,2.03893
0.571,0.70668,-0.93361,1.81567
0.572,0.69598,0.1496,1.89693
0.573,0.41352,0.54776,1.91754
0.574,0.44706,0.31585,1.88501
0.575,0.63618,0.06628,2.05797
0.576,-0.13079,0.56055,2.10792
0.577,-0.2802,0.25852,1.98446
0.578,0.05223,0.66239,1.94949
0.579,-0.34537,0.41679,2.0197
0.58,0.1241,0.64182,2.02596
0.581,-0.98731,0.42297,1.89289
0.582,-0.38745,0.06,2.0491
0.583,-0.33556,0.23283,2.0172
0.584,0.24052,0.35111,1.99029
0.585,0.12744,0.46168,1.95055
0.586,-0.05903,0.17457,2.06507
0.587,-0.1278,0.28667,2.00409
0.588,-0.75169,0.76213,1.76347
0.589,0.17892,0.07053,2.08794
0.59,-0.43091,0.44884,2.00861
0.591,-0.01257,0.2992,2.06744
0.592,-0.35698,0.38563,2.12247
0.593,-0.10894,0.34866,2.14866
0.594,0.1506,0.54909,2.04658
0.595,0.60142,0.35569,2.0348
0.596,-0.1626,0.15576,2.07664
0.597,0.26589,0.05489,1.98908
0.598,0.10397,0.13966,2.07351
0.599,0.2478,0.40759,1.90113
0.6,0.10202,0.4367,1.99371
0.601,0.36665,0.2643,2.07863
0.602,0.89409,-0.22614,1.88
0.603,0.36234,0.41041,2.01463
0.604,0.29443,0.25681,2.01539
0.605,0.77491,0.48869,1.9123
0.606,1.10962,0.07871,1.79529
0.607,0.59025,0.79576,1.8357
0.608,0.75201,0.47349,1.84031
0.609,0.5406,0.31617,2.00866
0.61,-0.05215,0.44019,1.96442
0.611,0.2586,0.27068,2.03567
0.612,0.78086,0.28599,1.94169
0.613,0.30173,0.68606,1.92918
0.614,0.11347,0.72449,1.97677
0.615,0.00219,0.54871,1.97446
0.616,0.45064,0.01123,2.1794
0.617,-0.0235,0.5118,2.01373
0.618,-0.27096,0.44598,2.05505
0.619,-0.16489,0.32156,2.19329
0.62,-0.15807,0.62654,1.98943
0.621,0.25573,0.1293,2.02916
0.622,-0.33786,0.34144,2.05887
0.623,-0.05026,0.81612,1.98324
0.624,-0.06396,0.06616,2.10343
0.625,0.55521,0.07964,2.0567
0.626,0.42795,0.17459,2.10537
0.627,0.07138,-0.0315,2.17922
0.628,0.10394,-0.00333,2.07851
0.629,0.16031,0.29874,2.01546
0.63,-0.67308,-0.05801,2.12423
0.631,-0.88466,-0.17094,1.86609
0.632,-1.14845,-0.02245,1.61618
0.633,-1.17303,-0.03178,1.69234
0.634,-0.74387,0.04731,1.95905
0.635,-0.13176,-0.20292,2.10343
0.636,-0.55874,0.12818,2.03877
0.637,0.1918,0.38624,2.10232
0.638,-0.17993,0.23936,2.1388
0.639,0.03405,-0.05482,2.10661
0.64,-0.7128,0.23445,1.88788
0.641,-1.07187,0.07377,1.75473
0.642,-0.5224,0.40753,1.94675
0.643,-0.75942,0.02149,1.98355
0.644,0.13314,0.12405,2.15467
0.645,-0.5794,0.38264,1.93752
0.646,-0.5262,0.34065,2.02376
0.647,-0.20717,0.13708,2.11899
0.648,0.12819,0.27169,2.11869
0.649,-0.77121,0.10048,1.95407
0.65,-1.1494,0.66163,1.52354
0.651,-0.53112,0.39671,1.94489
0.652,0.23042,0.23285,2.03942
0.653,-0.35028,0.19747,1.98315
0.654,-1.20881,0.23139,1.72903
0.655,-0.66571,0.38534,1.89553
0.656,-1.12968,-0.0467,1.81861
0.657,-0.80309,0.141,1.8738
0.658,-1.1533,0.62261,1.60693
0.659,-1.02658,0.35578,1.69745
0.66,-1.0063,0.41704,1.82002
0.661,-0.89616,0.83305,1.67146
0.662,-1.45611,0.8812,1.25271
0.663,-1.03962,0.62366,1.70729
0.664,-1.06754,0.6582,1.76405
0.665,-0.69873,0.56439,1.88077
0.666,-1.34004,0.52393,1.55038
0.667,-0.89365,0.72227,1.75667
0.668,-0.5327,0.53522,1.79816
0.669,-1.39946,0.0136,1.60363
0.67,-1.4692,0.32178,1.4248
0.671,-0.68805,0.32124,1.87105
0.672,-1.21569,0.41547,1.7327
0.673,-1.07846,0.26752,1.71072
0.674,-1.15786,0.77298,1.5879
0.675,-1.40461,0.27155,1.51252
0.676,-0.8531,0.15654,1.87723
0.677,-1.2829,0.05995,1.69636
0.678,-0.77046,0.15144,1.82439
0.679,-0.89137,0.01299,1.94295
0.68,-0.6604,0.10249,2.11944
0.681,-0.92175,0.52174,1.80294
0.682,-0.70359,0.2767,2.04761
0.683,-1.12174,-0.03036,1.83383
0.684,-0.29726,0.24603,1.96216
0.685,-1.14306,0.12585,1.82413
0.686,-0.88055,-0.11836,1.94043
0.687,-1.14349,-0.12085,1.67272
0.688,-0.84289,0.11215,1.94993
0.689,-0.74695,0.24078,1.8398
0.69,-0.37291,0.17563,1.91159
0.691,-0.44212,0.16203,2.07409
0.692,-0.94165,0.141,1.82635
0.693,-0.95763,-0.03646,1.76021
0.694,-0.78077,0.07946,1.97245
0.695,-0.9002,0.39318,1.83652
0.696,-0.30766,0.40992,2.00357
0.697,0.25556,0.31818,2.02114
0.698,-0.52518,0.48837,1.86394
0.699,-0.85535,0.15742,1.85252
0.7,-0.87018,0.48178,1.76942
0.701,-1.20943,0.3667,1.67422
0.702,-1.20578,0.51519,1.6411
0.703,-0.59655,0.22482,1.99971
0.704,-0.79802,0.77975,1.74277
0.705,-1.06357,0.92245,1.46437
0.706,-0.73174,0.7558,1.8046
0.707,-1.18431,0.46751,1.73937
0.708,-0.69096,0.46342,1.98915
0.709,-0.83646,1.00887,1.57912
0.71,-0.08322,0.56084,2.07138
0.711,-0.36384,0.56049,1.88341
0.712,-0.93017,0.55856,1.92926
0.713,0.26048,0.11292,1.98681
0.714,0.3775,0.50709,2.0707
0.715,-0.06911,0.48336,2.01466
0.716,-0.5569,0.47659,1.99094
0.717,-0.22608,0.09248,2.06763
0.718,-1.18819,0.80256,1.582
0.719,-0.82195,0.86774,1.62709
0.72,-0.29116,0.14876,1.98212
0.721,-0.50318,0.50096,1.94924
0.722,-0.71171,0.61534,1.86422
0.723,-0.53208,0.61245,1.97552
0.724,-0.20465,0.44666,2.00127
0.725,-0.25151,0.50195,2.05531
0.726,0.69395,0.03335,1.95042
0.727,-0.0686,0.60073,1.95749
0.728,0.13593,0.43421,1.94812
0.729,-0.55081,0.46187,2.05915
0.73,0.07417,0.26115,2.05201
0.731,0.69442,0.30762,1.98774
0.732,0.00855,-0.14217,2.16159
0.733,0.56803,0.27576,1.96361
0.734,0.97281,-0.01822,1.77124
0.735,0.80574,0.27565,1.9565
0.736,0.88449,0.23933,1.79027
0.737,1.30444,-0.14905,1.46995
0.738,1.03422,0.23064,1.71782
0.739,1.01456,0.11185,1.82898
0.74,1.36506,0.0284,1.58126
0.741,0.78381,0.25452,2.00075
0.742,0.65074,0.39359,1.98931
0.743,0.7317,0.32101,1.98155
0.744,0.53996,0.005,1.9977
0.745,-0.08455,0.13091,1.95552
0.746,0.18291,0.04191,2.12135
0.747,0.60426,0.06442,1.91442
0.748,-0.09324,0.34074,1.92732
0.749,0.7014,0.59234,1.84314
0.75,-0.08154,0.2478,2.08744
0.751,0.48337,0.31661,1.85268
0.752,0.4314,0.04671,2.05135
0.753,-0.20625,-0.0791,2.16908
0.754,0.69213,-0.12193,1.98254
0.755,0.2171,-0.17661,2.17109
0.756,0.45459,0.1806,2.05785
0.757,0.74955,-0.36098,1.80006
0.758,-0.00356,-0.18272,2.12608
0.759,-0.00553,0.0694,2.10814
0.76,0.57702,-0.17033,2.00459
0.761,0.12773,0.19598,2.12586
0.762,0.38356,-0.08064,1.96221
0.763,0.51716,-0.22353,1.99071
0.764,0.31086,-0.52502,1.99421
0.765,-0.34052,-0.14182,2.12025
0.766,0.04603,0.01142,2.02603
0.767,-0.27299,0.37088,2.02218
0.768,0.16013,-0.30153,2.06504
0.769,-0.43,0.39453,2.08354
0.77,-0.40499,0.71695,1.9094
0.771,-0.66154,0.4338,1.87651
0.772,-1.33465,0.51504,1.59432
0.773,-1.33921,0.31328,1.61272
0.774,-0.67432,-0.02415,2.04623
0.775,-0.5677,-0.11214,2.06865
0.776,-1.15127,0.07328,1.7492
0.777,-1.07106,0.13841,1.74586
0.778,-0.38891,-0.00185,2.00119
0.779,-0.39059,0.11865,1.96894
0.78,-0.56864,-0.01682,2.0414
0.781,-0.77862,-0.19656,1.89297
0.782,-0.8332,0.24045,1.98444
0.783,-0.53098,0.12975,1.98201
0.784,-0.73362,0.08246,1.94681
0.785,-1.00222,-0.32484,1.8751
0.786,-1.07173,-0.2178,1.78115
0.787,-1.03914,-0.03661,1.86468
0.788,-1.52165,-0.07504,1.44535
0.789,-1.00358,-0.11183,1.75739
0.79,-1.55692,-0.2896,1.42822
0.791,-1.19827,-0.03288,1.62012
0.792,-1.49627,-0.27486,1.34912
0.793,-1.07211,0.23985,1.70752
0.794,-1.53428,-0.32557,1.33181
0.795,-1.27637,0.08982,1.7228
0.796,-1.81726,0.21942,0.90054
0.797,-1.79295,0.12624,0.96006
0.798,-1.74051,0.2894,1.26978
0.799,-1.72161,0.26801,1.27812
0.8,-1.57771,0.30949,1.28752
0.801,-1.76917,0.13348,1.33298
0.802,-1.63108,0.21423,1.33293
0.803,-1.79579,-0.08814,1.15533
0.804,-1.84528,0.27864,0.97238
0.805,-1.76805,0.25585,1.03872
0.806,-1.80782,0.13043,1.08163
0.807,-1.12965,-0.17996,1.78407
0.808,-0.52473,0.14941,2.04011
0.809,0.0871,-0.01601,2.09886
0.81,-0.99284,0.08149,1.89114
0.811,0.13521,0.06831,2.04792
0.812,0.01802,0.1419,2.01753
0.813,0.03597,0.30328,1.96246
0.814,-1.02224,0.11864,1.94144
0.815,-0.63194,-0.12037,2.05461
0.816,-0.96554,0.15677,1.79565
0.817,-0.76622,0.16651,1.90113
0.818,-0.11119,0.26322,2.05249
0.819,-0.69633,0.03706,2.01691
0.82,-0.45135,0.35356,1.98451
0.821,-0.59908,0.51225,1.92735
0.822,-0.06016,0.13633,2.1069
0.823,0.13377,0.21869,2.04479
0.824,-0.51702,0.22339,2.07523
0.825,-0.40171,0.05545,2.02879
0.826,-0.05402,0.43928,2.04384
0.827,0.26545,0.30978,2.03811
0.828,-0.34279,0.50671,2.02301
0.829,-0.04037,0.27447,1.96456
0.83,-0.88889,0.19756,1.87983
0.831,-0.18781,0.11301,2.1052
0.832,-0.51774,0.09192,2.04178
0.833,0.57209,0.06684,1.88367
0.834,-0.82992,0.26729,1.96209
0.835,-1.01457,0.54116,1.68595
0.836,-0.44576,0.51271,1.80474
0.837,-0.98735,0.60236,1.78432
0.838,-0.49324,0.46749,1.92781
0.839,-0.52459,0.47335,2.04679
0.84,0.34433,0.20995,2.11436
0.841,0.12717,0.80638,1.91842
0.842,0.67426,0.2903,1.87802
0.843,0.24018,0.33401,2.04084
0.844,0.14452,0.33758,2.00926
0.845,0.77427,0.30227,1.87483
0.846,0.56224,0.53253,1.95367
0.847,0.20733,0.5685,1.92948
0.848,0.31352,0.51254,1.91766
0.849,0.6093,0.55123,1.99949
0.85,0.25196,0.25361,2.08974
0.851,0.54367,0.38244,1.98989
0.852,1.07801,0.04676,1.79403
0.853,0.91183,0.06627,1.9057
0.854,0.3503,0.39651,2.00104
0.855,-0.17533,0.23225,2.13794
0.856,-0.02279,0.24529,2.1226
0.857,-0.40488,0.30883,2.07419
0.858,-0.39636,0.30186,1.99438
0.859,0.89451,-0.03546,1.76445
0.86,-0.13347,-0.15153,2.04285
0.861,0.06701,0.27164,2.05857
0.862,0.04731,0.34171,2.0397
0.863,0.38422,0.38314,2.00331
0.864,0.24242,0.56464,2.08418
0.865,0.49802,0.36763,2.04013
0.866,0.32511,0.89534,1.98874
0.867,0.52263,0.82721,1.78892
0.868,0.55661,0.36708,2.00026
0.869,0.41833,0.54753,1.92183
0.87,0.3245,0.30857,2.04998
0.871,0.29948,0.66591,1.95894
0.872,0.40401,0.66512,1.91764
0.873,0.57625,-0.08334,1.99043
0.874,-0.32445,0.224,2.0287
0.875,-0.32669,0.60506,2.07104
0.876,-0.17936,0.24014,2.25149
0.877,0.02369,0.45179,2.09781
0.878,0.22028,0.72247,2.00296
0.879,-0.27695,0.65436,1.96742
0.88,-0.84861,0.71175,1.75959
0.881,-0.69849,0.5219,1.82414
0.882,-1.0415,0.56567,1.73339
0.883,-0.73147,0.43967,1.75573
0.884,-0.95271,0.29247,1.93116
0.885,-0.36497,-0.0802,2.05177
0.886,-1.12231,-0.17805,1.80205
0.887,-0.49902,-0.08189,1.8992
0.888,-0.86959,-0.24327,1.93013
0.889,-0.66058,-0.4464,1.82396
0.89,-1.2313,-0.00773,1.69493
0.891,-0.1544,0.04459,2.08546
0.892,-1.07082,-0.42655,1.83144
0.893,-1.27224,-0.50071,1.74694
0.894,-1.96736,-0.7326,0.74262
0.895,-0.57326,-0.99039,1.79543
0.896,0.16496,-0.92918,1.8158
0.897,-0.33132,-0.67065,1.96246
0.898,-1.01443,0.11135,1.83698
0.899,-1.00352,-0.05478,1.74839
0.9,-0.7494,0.12704,1.90547
0.901,-1.31527,-0.08653,1.66525
0.902,-0.88897,-0.21748,1.91696
0.903,-0.69304,-0.14288,1.9759
0.904,-0.17788,-0.10799,1.99796
0.905,-0.80967,0.3629,1.85502
0.906,-0.83417,0.61633,1.88923
0.907,-0.61742,0.11274,2.0387
0.908,-1.27734,0.64823,1.52194
0.909,-0.60096,0.54425,1.91887
0.91,-0.45486,0.31049,2.06649
0.911,-0.93445,0.62827,1.7554
0.912,-1.11131,0.69451,1.46711
0.913,-1.28191,0.72906,1.53572
0.914,-0.90053,0.43501,1.85115
0.915,-1.4213,0.68192,1.39535
0.916,-1.366,0.18126,1.54552
0.917,-0.98934,0.55553,1.82503
0.918,-1.49602,0.60273,1.36561
0.919,-0.80964,0.4619,1.89962
0.92,-0.43095,-0.03911,1.93053
0.921,-1.54027,0.16612,1.41682
0.922,-2.03529,0.25584,0.87358
0.923,-1.71216,0.42409,1.03524
0.924,-0.95968,0.29451,1.87517
0.925,-1.2877,0.30107,1.65416
0.926,-1.06105,0.26402,1.82644
0.927,-1.63763,-0.00816,1.37584
0.928,-1.87916,-0.05611,0.98207
0.929,-1.94399,0.32314,0.96599
0.93,-1.52982,0.07171,1.42988
0.931,-1.35279,0.72623,1.32151
0.932,-1.05155,0.54395,1.75879
0.933,-1.91418,0.8048,0.36453
0.934,-1.6728,1.0109,0.72421
0.935,-2.10019,0.38498,-0.09198
0.936,-2.12193,0.15366,-0.27764
0.937,-1.32411,1.35403,0.92222
0.938,-1.92262,0.69521,0.24047
0.939,-1.77635,1.17374,0.38522
0.94,-1.89155,0.89105,0.09061
0.941,-1.49583,1.2562,0.77289
0.942,-1.74889,1.07094,-0.41643
0.943,-1.5587,1.37999,0.44311
0.944,-1.09247,0.98732,1.51997
0.945,-1.71737,1.24486,0.57687
0.946,-1.74016,0.95053,0.65876
0.947,-1.43745,1.04692,0.97607
0.948,-1.59626,0.96613,0.94448
0.949,-1.81664,0.82056,0.67319
0.95,-1.76636,0.59883,0.89824
0.951,-1.37465,0.62194,1.40072
0.952,-1.69052,0.90108,0.568
0.953,-1.90597,0.80569,0.74609
0.954,-1.29369,0.94318,1.25356
0.955,-1.59316,0.83815,1.16137
0.956,-1.59288,0.90131,1.10499
0.957,-1.53556,0.83273,1.2268
0.958,-1.74677,0.48803,0.94415
0.959,-1.76003,0.49271,0.77079
0.96,-1.47825,0.84534,1.23597
0.961,-1.71063,0.41082,1.35933
0.962,-1.76249,0.11107,1.17808
0.963,-1.21132,-0.1346,1.71215
0.964,-1.13728,0.00785,1.70452
0.965,-1.7447,-0.16858,1.15982
0.966,-1.75077,0.10521,1.03822
0.967,-1.94299,0.1525,0.78672
0.968,-1.95018,0.24517,0.71386
0.969,-1.81642,0.37405,0.94534
0.97,-1.65479,0.31467,1.11268
0.971,-1.88729,0.19182,1.1103
0.972,-1.31005,0.71365,1.48037
0.973,-1.10277,0.0013,1.81421
0.974,-1.32773,-0.31074,1.60275
0.975,-0.55396,0.05185,2.028
0.976,0.06023,-0.02193,2.0687
0.977,-0.77969,0.33164,1.84966
0.978,-1.57255,0.14554,1.41942
0.979,-1.19574,0.0882,1.71226
0.98,-1.19392,0.26699,1.73698
0.981,-1.6548,0.39484,1.15269
0.982,-1.50523,0.14739,1.43516
0.983,-1.64859,0.2123,1.14527
0.984,-1.00482,0.36903,1.7697
0.985,-1.00337,0.0313,1.95988
0.986,-1.09935,-0.28094,1.78059
0.987,-1.25695,0.35013,1.5675
0.988,-0.96995,0.1996,1.94297
0.989,-0.71416,0.20509,1.93884
0.99,-1.29272,0.21963,1.59837
0.991,-1.20003,0.5698,1.62942
0.992,-0.4691,0.28884,2.00354
0.993,-0.96453,0.07072,1.96508
0.994,-0.0943,0.56265,2.06454
0.995,-0.86056,0.70124,1.84945
0.996,-0.78027,0.1472,1.97679
0.997,-0.59549,0.37442,1.90916
0.998,-0.48899,0.23821,1.98027
0.999,-0.56367,0.35744,1.90199
